"","OTUID","mean_abundance","sd_abundance"
"1","g__Acremonium",0.00014049311196734,0.000384858353236681
"2","g__Acrophialophora",8.18364948799731e-05,0.000484151232879144
"3","g__Akanthomyces",0,0
"4","g__Alternaria",0.0273316823455863,0.118203837361605
"5","g__Apiotrichum",0.0313300181054139,0.149562293769468
"6","g__Aspergillus",0.0297402173800545,0.0559006768095093
"7","g__Aureobasidium",0.0129564815532045,0.0231492331461045
"8","g__Bisifusarium",4.60936298452035e-05,0.000210912215693726
"9","g__Bjerkandera",1.20406586109203e-05,5.29725299679806e-05
"10","g__Botryotrichum",2.12178826221965e-05,0.000125526686421358
"11","g__Bullera",6.62886672383059e-05,0.000253001167369363
"12","g__Cadophora",0.000192207117164266,0.00070968702432516
"13","g__Candida",0.0530609953145544,0.192786269404891
"14","g__Capnodiales_gen_Incertae_sedis",8.41319048047497e-06,4.97731061129041e-05
"15","g__Cephaloascus",0.0047997027149631,0.0104471186780081
"16","g__Ceratocystidaceae_gen_Incertae_sedis",8.40306848690989e-05,0.000436318718683443
"17","g__Chaetomium",0.0125075514649082,0.0677288890010434
"18","g__Chaetothyriales_gen_Incertae_sedis",1.48318532903461e-05,8.77464273969161e-05
"19","g__Chordomyces",0.0004493350424355,0.00182823998260034
"20","g__Citeromyces",7.33946035807134e-05,0.000434208330432469
"21","g__Cladosporium",0.028453397378456,0.0378148495261389
"22","g__Clavispora",0.000143158200623769,0.000384775273811859
"23","g__Cleistothelebolus",3.18891850725977e-05,0.000145451770166675
"24","g__Clonostachys",0.00123201202594563,0.00657139928492414
"25","g__Coniochaeta",0.00248142432348166,0.00479296449526063
"26","g__Coniosporium",0.000716672453036976,0.00338427256049014
"27","g__Coniothyrium",0.000690070009306293,0.00339706508688832
"28","g__Cosmospora",0.000159014677619052,0.000649015017387893
"29","g__Cryptococcus",0.00155480664276831,0.00605497915350757
"30","g__Curvibasidium",0.00193190778519469,0.00601552509218016
"31","g__Curvularia",8.17009268162241e-05,0.000483349201397965
"32","g__Cutaneotrichosporon",0.00239453465329868,0.00578083699615808
"33","g__Cyberlindnera",0.00134182422275642,0.00472507156400795
"34","g__Cyphellophora",0.00116883205240822,0.00524978114639233
"35","g__Cystobasidium",0.0101469112319649,0.0257877259597183
"36","g__Cystofilobasidiaceae_gen_Incertae_sedis",0,0
"37","g__Cystofilobasidium",0.0280570480786724,0.0813450960663356
"38","g__Cytospora",0.000176037757030823,0.000922292054968275
"39","g__Debaryomyces",0.00197641274182828,0.00591816853709205
"40","g__Dictyosporiaceae_gen_Incertae_sedis",0.000877154020842308,0.00324314483246967
"41","g__Didymella",0.0326388188590619,0.0922275786287838
"42","g__Dioszegia",0.000774877387288033,0.00271653330486129
"43","g__Diplodia",0.00017054189085319,0.00100893943264814
"44","g__Dipodascus",8.64689021604372e-06,5.11556923938181e-05
"45","g__Diutina",6.48536063493673e-05,0.000325696090772833
"46","g__Effuseotrichosporon",0,0
"47","g__Eucasphaeria",0.00066573278301143,0.0035926658053183
"48","g__Exophiala",0.0462596229011371,0.155645917273304
"49","g__Filobasidium",0.0113218699953034,0.0189935244026146
"50","g__Fomitopsis",0,0
"51","g__Fungi_gen_Incertae_sedis",0.00405457371912877,0.00984560164337371
"52","g__Fusarium",0.103406504278745,0.248993696011351
"53","g__Fusicolla",0.00438938111351331,0.0222024879966718
"54","g__Galactomyces",5.56733195063687e-05,0.000184660850785591
"55","g__Geotrichum",0.00705831250875474,0.0181929731853059
"56","g__Gibberella",3.14755749538358e-05,0.000186212012645825
"57","g__Gibellulopsis",0.00034351848391495,0.00147707840531405
"58","g__Hannaella",0.000789367332974332,0.00408064278856725
"59","g__Hanseniaspora",0.000370868161664063,0.00127900598662833
"60","g__Hormonema",5.86076286378051e-05,0.000185641190669297
"61","g__Huntiella",0.000127646909011688,0.000755169297779202
"62","g__Hyphopichia",0.000246405659685558,0.000969878717781857
"63","g__Inopinatum",8.08145024318431e-06,4.78105044018281e-05
"64","g__Iodophanus",5.08984273871962e-05,0.000166309565460265
"65","g__Irpex",4.83831020207945e-05,0.000207591273430086
"66","g__Issatchenkia",0.000215533938849168,0.000726598965478648
"67","g__Kazachstania",0.00131948040154355,0.00462736374778214
"68","g__Kluyveromyces",0.000324623173088967,0.00180710155333144
"69","g__Knufia",0.00054526765641082,0.00261105253629094
"70","g__Kurtzmaniella",0.000494534993067257,0.00211237934211482
"71","g__Kwoniella",7.24046761404007e-05,0.000279528170711212
"72","g__Lasiobolidium",0.000705534540620564,0.00298757107460694
"73","g__Lecanicillium",0,0
"74","g__Leptographium",6.58386542934605e-06,2.71490945810872e-05
"75","g__Leucosporidium",0.00122073658963235,0.00345933054041687
"76","g__Malassezia",0.000265138430138925,0.000967695490988789
"77","g__Meyerozyma",0.00481564302836481,0.0237155359001173
"78","g__Microascus",6.29132267105341e-06,2.69595157428403e-05
"79","g__Mortierella",0.000338695528523438,0.00153729527396671
"80","g__Mrakia",0.00163416989797607,0.00348278735439492
"81","g__Mucor",0.0249185842793458,0.0504487956080268
"82","g__Naganishia",0.0472063429997937,0.0937610343266273
"83","g__Nakazawaea",5.77724590434531e-05,0.000341786476966924
"84","g__Neoascochyta",0.000378390796730652,0.00124217040417782
"85","g__Neocucurbitaria",0.0012022371937219,0.00369869509755781
"86","g__Neophaeotheca",0.00162509125731244,0.00961416953307804
"87","g__Neopyrenochaeta",3.15456056254418e-06,1.8662631968631e-05
"88","g__Neosetophoma",0.000488516481872442,0.00219155876544356
"89","g__Nigrospora",9.77122259132479e-05,0.000321344724522047
"90","g__Oidiodendron",7.38325128468707e-05,0.000285126714137095
"91","g__Ophiostoma",0.00209797672213853,0.00431374290086258
"92","g__Orbilia",8.33725148993283e-05,0.00039163401049712
"93","g__Paecilomyces",0.000794291997003431,0.00213263143732388
"94","g__Papiliotrema",0.0027436637261807,0.0073495597683641
"95","g__Paraphoma",0.00722427048366503,0.0283840521711009
"96","g__Parapyrenochaeta",6.07619312478748e-06,3.59472433037641e-05
"97","g__Penicillium",0.0437499549486414,0.0712214146492538
"98","g__Periconia",0.00097440460952706,0.00576465541098212
"99","g__Petriella",1.79154452760369e-05,0.000105989203602789
"100","g__Phaeococcomyces",0.000315601388853844,0.00117468289362321
"101","g__Phaeoisaria",0.000129027427563973,0.000667568293596025
"102","g__Phanerochaete",0.000162214250221772,0.000794336273809994
"103","g__Phialemonium",9.37124600074921e-05,0.000427270085904986
"104","g__Pichia",0.0021676203509309,0.00569661701018268
"105","g__Piskurozyma",0.00382739302223327,0.00726564085990057
"106","g__Plectosphaerella",0.00179410993058565,0.0091110828133118
"107","g__Pleurostoma",0,0
"108","g__Preussia",0.000164291227137585,0.000639237487674678
"109","g__Proceropycnis",3.95199501472419e-05,0.000170345170222158
"110","g__Pseudogymnoascus",0.000295305589618598,0.00102457438751409
"111","g__Pseudopithomyces",0.0003812770801891,0.000985632673280033
"112","g__Pseudotremella",9.07947200645072e-05,0.000381003180610467
"113","g__Pyrenochaetopsis",4.56379707916987e-05,0.000269997876342459
"114","g__Ramularia",0.000205516552496709,0.000698167380654967
"115","g__Rhizopus",0.0208253242420799,0.0411923458303336
"116","g__Rhodosporidiobolus",0.00984661734267815,0.0194381079545113
"117","g__Rhodotorula",0.0118004639407312,0.0248227783912458
"118","g__Rozellomycota_gen_Incertae_sedis",0.0110639802755664,0.0636872616581852
"119","g__Sarocladium",0.000992735701846579,0.00252117229776871
"120","g__Scopulariopsis",3.68531557265276e-05,0.000160328517036753
"121","g__Sistotrema",0.000363979677258382,0.00191328483147056
"122","g__Spermospora",0.000567345632701678,0.00246328767788229
"123","g__Spissiomyces",0.000248500534260343,0.00123494105868214
"124","g__Spizellomycetales_gen_Incertae_sedis",6.59979631663092e-06,3.90449215613955e-05
"125","g__Sporidiobolus",0.00537741079590659,0.00970776858153172
"126","g__Sporobolomyces",8.56664782925289e-06,5.06809720315772e-05
"127","g__Stachybotrys",0.00104005558094455,0.0036079137093393
"128","g__Stagonosporopsis",0,0
"129","g__Starmerella",0.000586243071601116,0.00243836238733655
"130","g__Symmetrospora",0.0279378331339634,0.0999279117970316
"131","g__Syncephalastrum",0.000208511015606786,0.00074675030435746
"132","g__Talaromyces",0.00344584523443781,0.00882682565699365
"133","g__Tausonia",0.00461020441676702,0.0107457437847841
"134","g__Tetracladium",0.00032263056101692,0.00169206002443699
"135","g__Thielaviopsis",0.000307573592509992,0.00147620425826691
"136","g__Torula",0.000116616317299603,0.000484758890447285
"137","g__Trametes",0.000314240584288197,0.00118480602890758
"138","g__Tremellales_gen_Incertae_sedis",0.000751673444754402,0.00294944327072262
"139","g__Tricellula",0.000552732459474662,0.0022786186353952
"140","g__Trichoderma",0.0215534392316892,0.0353584819244779
"141","g__Trichomerium",2.42882832387492e-05,0.000143691421434961
"142","g__Trichosporon",0.00211290120257131,0.00457753862442194
"143","g__Uwebraunia",1.59754800894136e-05,6.69785542563154e-05
"144","g__Verrucaria",0.00244644901858006,0.010857190784625
"145","g__Vishniacozyma",0.0430228533778153,0.114385286328042
"146","g__Wallemia",0.00249422921782588,0.00813351468133263
"147","g__Wickerhamiella",0.00472611649850172,0.0210128332716086
"148","g__Wickerhamomyces",0.000262435409290057,0.000512939883205295
"149","g__Yarrowia",0.110014061529679,0.290412847247717
"150","g__Zalaria",0.00138390434381485,0.00289036020695741
